<?xml version="1.0" encoding="UTF-8"?>
<project-private xmlns="http://www.netbeans.org/ns/project-private/1">
    <editor-bookmarks xmlns="http://www.netbeans.org/ns/editor-bookmarks/2" lastBookmarkId="0"/>
    <open-files xmlns="http://www.netbeans.org/ns/projectui-open-files/2">
        <group>
            <file>file:/C:/Users/fatec-dsm2/Desktop/DSM2/TPI/Aula/Dia_22_10_2024/projetoCrud/src/View/FrmUsuario.java</file>
            <file>file:/C:/Users/fatec-dsm2/Desktop/DSM2/TPI/Aula/Dia_22_10_2024/projetoCrud/src/View/FrmLogin.java</file>
        </group>
    </open-files>
</project-private>
